{"cameraMode":{"drawMode":0,"name":"Shaded","section":"Shading Mode"},"sceneLighting":true,"audioPlay":false,"sceneViewState":{"m_AlwaysRefresh":false,"showFog":true,"showSkybox":true,"showFlares":true,"showImageEffects":true,"showParticleSystems":true,"showVisualEffectGraphs":true,"m_FxEnabled":true},"in2DMode":false,"pivot":{"x":-2.2593367099761965,"y":0.6600000262260437,"z":-0.5400000214576721},"rotation":{"x":-0.20786342024803163,"y":0.01378851942718029,"z":-0.002931073075160384,"w":-0.9780634045600891},"size":8.589250564575196,"orthographic":false}